{"6LPXTM4Zj49/R16TKk3E5A==":"logo%20cor%20normal-374x121.png","oPiXIjfBwd7pM+QdNr5Adg==":"logo%20cor%20normal-374x121.png","ePVZaiqGLVvMMGU68WCOcA==":"logo%20com%20dfundo-2000x741.png","0lDK6cDuuazb5CJpyJIaVQ==":"logo%20com%20dfundo-2000x741.png","09MSIzI9Jzs7HYyMriWZkQ==":"a%20href='httpsbr.freepik.comfotosmulher'mulher%20foto%20criado%20por%20cookie_studio%20-%20br.freepik.coma-2000x1333.jpg","nQWeguyI+YwiOrrwVZ5EzA==":"logo%20cor%20normal-886x288.png","ANLxJKfxKs9uwF83QE9+qQ==":"logo%20cor%20normal-886x288.png","SNpDkuutjfENN1J7AbrpbA==":"mbr-1920x1280.jpg","1EY/1qig3vSzGq5GHWHicw==":"a%20href='httpsbr.freepik.comfotosmulher'mulher%20foto%20criado%20por%20cookie_studio%20-%20br.freepik.coma-2000x1333.jpeg","W30pTsVHdWal3pC9QzyboQ==":"a%20href='httpsbr.freepik.comfotosmulher'mulher%20foto%20criado%20por%20cookie_studio%20-%20br.freepik.coma-2000x1333.jpeg","4V0iQd7HmwiCRxbHIUFREw==":"cores%20cmyk%20logo-1076x402.png","Yy/KMYp1kDNiYY/7EkLK+w==":"p_20181020-172725-539x958.jpeg","+EVjI9Q45gsBXUK+/e4/Kg==":"logo%20gold%20mvsbp-574x235.png","5YM0tLL2Gd+UeXwWyh8jzg==":"sobrancelhas%20masc%202-549x427.jpg","PDJF59JjFC8K3c8+FU3CWw==":"vipspa%20belleza%20pura%2002-549x235.jpeg","R0mYcTiMJDPTWBwi3n7m8Q==":"mbr-1920x1276.jpg","LXrEiI9bBenGdsisHw4UTQ==":"mbr-1-1920x1277.jpg","oCb+bTv47tzFyMz9BayMng==":"logo%20para%20sem%20fundo%208-11-696x278.png","xmwfXlOXoQsVHqwmnAFxDw==":"logo%20para%20sem%20fundo%208-11-696x278.png","TlFKx1+v1pBzCvPO29UyMA==":"logo%20para%20sem%20fundo%208-11-696x278.png"}